paper_title,paper_authors,paper_venue,paper_year,source_file,paper_summary,paper_summary_confidence,element_type,evidence_type,section,text,confidence,page_number,element_id,supporting_evidence,methodology_context,study_population,limitations,surrounding_context
Autisticadults,Unknown,,,autisticadults,"This scoping review analyzes 18 papers on involving autistic adults in technology design, examining their participation in participatory design processes.  The study reveals varied approaches to integrating autistic perspectives, highlighting the use of infrastructure to enhance participation (e.g., multiple participation modes).  The findings offer insights into best practices and suggest future research opportunities, such as applying autistic expertise in areas like autism diagnosis and machine learning.",0.95,method,qualitative,abstract,scoping review analysis of 11 projects across 18 papers that focused on including autistic adults in the design of technology that impacts their lives,0.95,1,f384fef4-4bf0-4508-9799-5878a3579140,,,,,
Autisticadults,Unknown,,,autisticadults,"This scoping review analyzes 18 papers on involving autistic adults in technology design, examining their participation in participatory design processes.  The study reveals varied approaches to integrating autistic perspectives, highlighting the use of infrastructure to enhance participation (e.g., multiple participation modes).  The findings offer insights into best practices and suggest future research opportunities, such as applying autistic expertise in areas like autism diagnosis and machine learning.",0.95,finding,qualitative,abstract,mixed positions on how the lived autistic perspective was harnessed to direct the application of topics and technologies chosen,0.9,1,65e88e69-9534-4efe-9b91-f91fbeed5bb9,,,,,
Autisticadults,Unknown,,,autisticadults,"This scoping review analyzes 18 papers on involving autistic adults in technology design, examining their participation in participatory design processes.  The study reveals varied approaches to integrating autistic perspectives, highlighting the use of infrastructure to enhance participation (e.g., multiple participation modes).  The findings offer insights into best practices and suggest future research opportunities, such as applying autistic expertise in areas like autism diagnosis and machine learning.",0.95,finding,qualitative,abstract,"Most projects employed infrastructures to enhance participation (e.g., providing multiple modes to participate or employing a tailored methodology)",0.9,1,3200f6f9-ea09-4831-b32c-b25cc96a1900,,,,,
Autisticadults,Unknown,,,autisticadults,"This scoping review analyzes 18 papers on involving autistic adults in technology design, examining their participation in participatory design processes.  The study reveals varied approaches to integrating autistic perspectives, highlighting the use of infrastructure to enhance participation (e.g., multiple participation modes).  The findings offer insights into best practices and suggest future research opportunities, such as applying autistic expertise in areas like autism diagnosis and machine learning.",0.95,claim,unknown,introduction,"In this scoping review, we investigate the involvement of autistic adults1 in technology design.",0.95,1,d9530468-9955-4270-8256-fc80a45835b8,,,,,1 Introduction
Autisticadults,Unknown,,,autisticadults,"This scoping review analyzes 18 papers on involving autistic adults in technology design, examining their participation in participatory design processes.  The study reveals varied approaches to integrating autistic perspectives, highlighting the use of infrastructure to enhance participation (e.g., multiple participation modes).  The findings offer insights into best practices and suggest future research opportunities, such as applying autistic expertise in areas like autism diagnosis and machine learning.",0.95,claim,unknown,introduction,"There has been increasing interest in supporting autistic adults with technology (for example, at home [68, 87] or at work [35, 82]).",0.9,1,6e19cd5c-96df-4974-91c6-08b8f73129d3,,,,,
Autisticadults,Unknown,,,autisticadults,"This scoping review analyzes 18 papers on involving autistic adults in technology design, examining their participation in participatory design processes.  The study reveals varied approaches to integrating autistic perspectives, highlighting the use of infrastructure to enhance participation (e.g., multiple participation modes).  The findings offer insights into best practices and suggest future research opportunities, such as applying autistic expertise in areas like autism diagnosis and machine learning.",0.95,claim,qualitative,related_work,framing the problem from within the autistic person has been seen as harmful; it promotes a perception that autistic people must change their behaviour and adapt to the context,0.95,2,9d2cfa80-1701-4d28-85bf-6267f2ccbfbb,"[16, 54, 80]",,,,"While many autistic people need support in daily life, framing the problem from within the autistic person has been seen as harmful; it promotes a perception that autistic people must change their behaviour and adapt to the context [16, 54, 80]. Thus, they have been contested by autistic advocates because they assume that there is an ideal mind to be attained [43, 45, 80]."
Autisticadults,Unknown,,,autisticadults,"This scoping review analyzes 18 papers on involving autistic adults in technology design, examining their participation in participatory design processes.  The study reveals varied approaches to integrating autistic perspectives, highlighting the use of infrastructure to enhance participation (e.g., multiple participation modes).  The findings offer insights into best practices and suggest future research opportunities, such as applying autistic expertise in areas like autism diagnosis and machine learning.",0.95,claim,qualitative,related_work,they assume that there is an ideal mind to be attained,0.95,2,b2b34f50-b85c-4f56-9c5f-7c7ba07ce0d8,"[43, 45, 80]",,,,"Thus, they have been contested by autistic advocates because they assume that there is an ideal mind to be attained [43, 45, 80]. Many autistic people engage in self-stimulatory movements, such as hand rocking and fidgeting, that help regulate emotions [46]."
Autisticadults,Unknown,,,autisticadults,"This scoping review analyzes 18 papers on involving autistic adults in technology design, examining their participation in participatory design processes.  The study reveals varied approaches to integrating autistic perspectives, highlighting the use of infrastructure to enhance participation (e.g., multiple participation modes).  The findings offer insights into best practices and suggest future research opportunities, such as applying autistic expertise in areas like autism diagnosis and machine learning.",0.95,method,mixed,methodology,"We employed the Joanna Briggs approach [65] as our search strategy, driven by our goal to include a wide range of case studies involving autistic adults in designing technology.",0.9,4,db286609-86ea-4d4b-b864-309589e86847,,"The Joanna Briggs approach was used as a scoping review strategy to identify relevant case studies on the involvement of autistic adults in technology design.  This approach allowed for a broader search than a traditional systematic review, including scanning reference lists of included papers for additional sources.",,"While valuable, we sought additional insights to strengthen our review.",
Autisticadults,Unknown,,,autisticadults,"This scoping review analyzes 18 papers on involving autistic adults in technology design, examining their participation in participatory design processes.  The study reveals varied approaches to integrating autistic perspectives, highlighting the use of infrastructure to enhance participation (e.g., multiple participation modes).  The findings offer insights into best practices and suggest future research opportunities, such as applying autistic expertise in areas like autism diagnosis and machine learning.",0.95,method,qualitative,methodology,The generation of keywords for our search involved careful discussion between the two authors and an independent reviewer (recommended by the Joanna Briggs approach [65]).,0.85,4,ac4b0c52-a140-42e8-b058-c803cfcec53b,,Keyword generation involved collaboration between authors and an independent expert reviewer to ensure comprehensive coverage of relevant research areas.,,,
Autisticadults,Unknown,,,autisticadults,"This scoping review analyzes 18 papers on involving autistic adults in technology design, examining their participation in participatory design processes.  The study reveals varied approaches to integrating autistic perspectives, highlighting the use of infrastructure to enhance participation (e.g., multiple participation modes).  The findings offer insights into best practices and suggest future research opportunities, such as applying autistic expertise in areas like autism diagnosis and machine learning.",0.95,method,mixed,methodology,We adapted keywords based on venue themes.,0.8,4,74d74628-f32b-424a-ade4-60c136145b77,,"Keywords were adapted based on the focus of the publication venue (e.g., technology-focused vs. autism-focused venues).  This allowed for a more targeted search strategy.",,,
Autisticadults,Unknown,,,autisticadults,"This scoping review analyzes 18 papers on involving autistic adults in technology design, examining their participation in participatory design processes.  The study reveals varied approaches to integrating autistic perspectives, highlighting the use of infrastructure to enhance participation (e.g., multiple participation modes).  The findings offer insights into best practices and suggest future research opportunities, such as applying autistic expertise in areas like autism diagnosis and machine learning.",0.95,method,quantitative,methodology,"Our search includes 01/01/2010-26/05/2023. The initial corpus of papers was 4499, and our search and filtering strategy unfolded in four phases:",0.95,4,ca6f260b-41d5-4683-a68e-87f31e303bb2,,A four-phase search and filtering strategy was employed to refine the initial large dataset of papers.,,,
Autisticadults,Unknown,,,autisticadults,"This scoping review analyzes 18 papers on involving autistic adults in technology design, examining their participation in participatory design processes.  The study reveals varied approaches to integrating autistic perspectives, highlighting the use of infrastructure to enhance participation (e.g., multiple participation modes).  The findings offer insights into best practices and suggest future research opportunities, such as applying autistic expertise in areas like autism diagnosis and machine learning.",0.95,method,mixed,methodology,"To obtain these keywords, one author created a Python script that counted keyword frequency from the corpus after the phase 1 filtering removed irrelevant papers (e.g., false positives, duplicates, or concerning children).",0.9,4,e7f272de-fbff-4b37-8121-c06e18881bcf,,A Python script was created to count keyword frequency after filtering irrelevant papers from the corpus.,,,"A secondary goal of this review was to identify which topics and technologies autistic adults had a voice in shaping, and opportunities for further participatory research. We achieved this through a keyword analysis, comparing the topics and technologies of the selected 11 projects to those in the initial corpus."
Autisticadults,Unknown,,,autisticadults,"This scoping review analyzes 18 papers on involving autistic adults in technology design, examining their participation in participatory design processes.  The study reveals varied approaches to integrating autistic perspectives, highlighting the use of infrastructure to enhance participation (e.g., multiple participation modes).  The findings offer insights into best practices and suggest future research opportunities, such as applying autistic expertise in areas like autism diagnosis and machine learning.",0.95,method,mixed,methodology,"Keywords expected due to the nature of the study were removed (e.g. ASD, autism, autistic adult). However, keywords that included autism but referred to a topic of focus remained (e.g. autism diagnosis, autism classification).",0.85,4,13bd96b4-397c-46a8-9138-3571e79b4ed7,,Specific keywords were removed from the analysis based on their relevance to the study's focus.,,,"To obtain these keywords, one author created a Python script that counted keyword frequency from the corpus after the phase 1 filtering removed irrelevant papers (e.g., false positives, duplicates, or concerning children). Keywords expected due to the nature of the study were removed (e.g. ASD, autism, autistic adult). However, keywords that included autism but referred to a topic of focus remained (e.g. autism diagnosis, autism classification)."
Autisticadults,Unknown,,,autisticadults,"This scoping review analyzes 18 papers on involving autistic adults in technology design, examining their participation in participatory design processes.  The study reveals varied approaches to integrating autistic perspectives, highlighting the use of infrastructure to enhance participation (e.g., multiple participation modes).  The findings offer insights into best practices and suggest future research opportunities, such as applying autistic expertise in areas like autism diagnosis and machine learning.",0.95,method,qualitative,methodology,"Once filtered, one author manually categorised keywords relating to a) technologies and b) topics.",0.9,4,f0aaf007-7e48-4d15-8074-2210b5da1d45,,Manual categorization of keywords into technology and topic categories.,,,"Keywords expected due to the nature of the study were removed (e.g. ASD, autism, autistic adult). However, keywords that included autism but referred to a topic of focus remained (e.g. autism diagnosis, autism classification). Once filtered, one author manually categorised keywords relating to a) technologies and b) topics."
Autisticadults,Unknown,,,autisticadults,"This scoping review analyzes 18 papers on involving autistic adults in technology design, examining their participation in participatory design processes.  The study reveals varied approaches to integrating autistic perspectives, highlighting the use of infrastructure to enhance participation (e.g., multiple participation modes).  The findings offer insights into best practices and suggest future research opportunities, such as applying autistic expertise in areas like autism diagnosis and machine learning.",0.95,method,qualitative,methodology,"For instance, keywords such as autism spectrum disorder classification and autism trait classification were grouped to create a single topic category of Autism Classification.",0.8,4,56df45fa-a08a-4186-bb33-29b0412867db,,Example of keyword grouping to create topic categories.,,,"Once filtered, one author manually categorised keywords relating to a) technologies and b) topics. For instance, keywords such as autism spectrum disorder classification and autism trait classification were grouped to create a single topic category of Autism Classification. These categories were reviewed by another author."
Autisticadults,Unknown,,,autisticadults,"This scoping review analyzes 18 papers on involving autistic adults in technology design, examining their participation in participatory design processes.  The study reveals varied approaches to integrating autistic perspectives, highlighting the use of infrastructure to enhance participation (e.g., multiple participation modes).  The findings offer insights into best practices and suggest future research opportunities, such as applying autistic expertise in areas like autism diagnosis and machine learning.",0.95,method,qualitative,methodology,These categories were reviewed by another author.,0.75,4,8cf9503f-5a21-48d7-bdb5-27390fa9800b,,Inter-rater reliability check on the categorization of keywords.,,,"For instance, keywords such as autism spectrum disorder classification and autism trait classification were grouped to create a single topic category of Autism Classification. These categories were reviewed by another author. We finalised the groupings to form topic/technology categories."
Autisticadults,Unknown,,,autisticadults,"This scoping review analyzes 18 papers on involving autistic adults in technology design, examining their participation in participatory design processes.  The study reveals varied approaches to integrating autistic perspectives, highlighting the use of infrastructure to enhance participation (e.g., multiple participation modes).  The findings offer insights into best practices and suggest future research opportunities, such as applying autistic expertise in areas like autism diagnosis and machine learning.",0.95,method,qualitative,methodology,We finalised the groupings to form topic/technology categories.,0.8,4,d515856e-5cb6-420b-8516-e2d77d636373,,Finalization of keyword categories.,,,"These categories were reviewed by another author. We finalised the groupings to form topic/technology categories. Lastly, we generated an additional Python script to identify the frequency in which a keyword connected with that category appeared (Figure 1)."
Autisticadults,Unknown,,,autisticadults,"This scoping review analyzes 18 papers on involving autistic adults in technology design, examining their participation in participatory design processes.  The study reveals varied approaches to integrating autistic perspectives, highlighting the use of infrastructure to enhance participation (e.g., multiple participation modes).  The findings offer insights into best practices and suggest future research opportunities, such as applying autistic expertise in areas like autism diagnosis and machine learning.",0.95,method,quantitative,methodology,"Lastly, we generated an additional Python script to identify the frequency in which a keyword connected with that category appeared (Figure 1).",0.9,4,bb1427b5-27e7-477e-958d-908bc1fcd311,,Python script to identify keyword frequency within categories.,,,"We finalised the groupings to form topic/technology categories. Lastly, we generated an additional Python script to identify the frequency in which a keyword connected with that category appeared (Figure 1). We present the results of this keyword analysis in the next section."
Autisticadults,Unknown,,,autisticadults,"This scoping review analyzes 18 papers on involving autistic adults in technology design, examining their participation in participatory design processes.  The study reveals varied approaches to integrating autistic perspectives, highlighting the use of infrastructure to enhance participation (e.g., multiple participation modes).  The findings offer insights into best practices and suggest future research opportunities, such as applying autistic expertise in areas like autism diagnosis and machine learning.",0.95,finding,qualitative,discussion,The projects involved autistic adults in different ways to share their expertise on topics and the project direction.,0.95,12,66788b0d-0fe9-466f-8439-bcff6223c8c6,,,,,
Autisticadults,Unknown,,,autisticadults,"This scoping review analyzes 18 papers on involving autistic adults in technology design, examining their participation in participatory design processes.  The study reveals varied approaches to integrating autistic perspectives, highlighting the use of infrastructure to enhance participation (e.g., multiple participation modes).  The findings offer insights into best practices and suggest future research opportunities, such as applying autistic expertise in areas like autism diagnosis and machine learning.",0.95,finding,qualitative,discussion,All but one project had predefined goals or topics.,0.95,12,650e00af-4a7a-4708-a28b-8e7bcd7300b9,,,,,
Autisticadults,Unknown,,,autisticadults,"This scoping review analyzes 18 papers on involving autistic adults in technology design, examining their participation in participatory design processes.  The study reveals varied approaches to integrating autistic perspectives, highlighting the use of infrastructure to enhance participation (e.g., multiple participation modes).  The findings offer insights into best practices and suggest future research opportunities, such as applying autistic expertise in areas like autism diagnosis and machine learning.",0.95,finding,qualitative,discussion,"Five projects concentrated on the involvement of autistic adults in shaping the understanding of the project topic (AHAT, Inclusive Online Dating, AccessASD, PIUMA, Reimagining Social Media).",0.95,12,f1262503-82ef-408c-b730-7f95ab092777,,,,,
Autisticadults,Unknown,,,autisticadults,"This scoping review analyzes 18 papers on involving autistic adults in technology design, examining their participation in participatory design processes.  The study reveals varied approaches to integrating autistic perspectives, highlighting the use of infrastructure to enhance participation (e.g., multiple participation modes).  The findings offer insights into best practices and suggest future research opportunities, such as applying autistic expertise in areas like autism diagnosis and machine learning.",0.95,finding,qualitative,discussion,"These projects were driven by methodological approaches intended to understand the perspective of autistic adults and draw on their expertise on the topic, whether through customised participatory methodologies (AccessASD, AHAT) or with a philosophy of understanding the topic from the perspective of autistic adults (e.g., by embedding approaches that focus on lived experience (PIUMA)) or intending to understand a particular topic from the autistic perspective (Reimagining Social Media).",0.95,12,76c73116-0fb7-49a9-bf03-0ad29daaccb3,,,,,
Autisticadults,Unknown,,,autisticadults,"This scoping review analyzes 18 papers on involving autistic adults in technology design, examining their participation in participatory design processes.  The study reveals varied approaches to integrating autistic perspectives, highlighting the use of infrastructure to enhance participation (e.g., multiple participation modes).  The findings offer insights into best practices and suggest future research opportunities, such as applying autistic expertise in areas like autism diagnosis and machine learning.",0.95,finding,qualitative,discussion,"In Connecting through Kinect, autistic partners were valued for their expertise in game design, which was harnessed in the design process.",0.95,12,93983b94-69e2-4c63-afd3-479458a60b1a,,,,,
Autisticadults,Unknown,,,autisticadults,"This scoping review analyzes 18 papers on involving autistic adults in technology design, examining their participation in participatory design processes.  The study reveals varied approaches to integrating autistic perspectives, highlighting the use of infrastructure to enhance participation (e.g., multiple participation modes).  The findings offer insights into best practices and suggest future research opportunities, such as applying autistic expertise in areas like autism diagnosis and machine learning.",0.95,finding,qualitative,discussion,This suggests that the autistic perspective as a way of experiencing the world is valued across projects.,0.95,12,313a30e3-bd87-432e-9c54-d820f2de265a,,,,,
Autisticadults,Unknown,,,autisticadults,"This scoping review analyzes 18 papers on involving autistic adults in technology design, examining their participation in participatory design processes.  The study reveals varied approaches to integrating autistic perspectives, highlighting the use of infrastructure to enhance participation (e.g., multiple participation modes).  The findings offer insights into best practices and suggest future research opportunities, such as applying autistic expertise in areas like autism diagnosis and machine learning.",0.95,finding,qualitative,discussion,It is important to note that the level of participation differed between the projects.,0.95,12,991bdf7b-0290-45ad-bd8f-c61272e7080c,,,,,
Autisticadults,Unknown,,,autisticadults,"This scoping review analyzes 18 papers on involving autistic adults in technology design, examining their participation in participatory design processes.  The study reveals varied approaches to integrating autistic perspectives, highlighting the use of infrastructure to enhance participation (e.g., multiple participation modes).  The findings offer insights into best practices and suggest future research opportunities, such as applying autistic expertise in areas like autism diagnosis and machine learning.",0.95,finding,qualitative,discussion,"However, it is not clear how decisions surrounding participation were made, which merits reflection.",0.95,12,0fba1a59-8bda-4cf4-8d51-18095ed76f33,,,,,
Autisticadults,Unknown,,,autisticadults,"This scoping review analyzes 18 papers on involving autistic adults in technology design, examining their participation in participatory design processes.  The study reveals varied approaches to integrating autistic perspectives, highlighting the use of infrastructure to enhance participation (e.g., multiple participation modes).  The findings offer insights into best practices and suggest future research opportunities, such as applying autistic expertise in areas like autism diagnosis and machine learning.",0.95,finding,qualitative,discussion,Literature indicates that autistic stakeholders may not want to participate fully [56].,0.95,12,2ac0eca1-d740-4d11-a0fd-ae253ebd28ac,,,,,
Autisticadults,Unknown,,,autisticadults,"This scoping review analyzes 18 papers on involving autistic adults in technology design, examining their participation in participatory design processes.  The study reveals varied approaches to integrating autistic perspectives, highlighting the use of infrastructure to enhance participation (e.g., multiple participation modes).  The findings offer insights into best practices and suggest future research opportunities, such as applying autistic expertise in areas like autism diagnosis and machine learning.",0.95,finding,qualitative,discussion,"Moreover, experience adopting participatory design should be considered, particularly for researchers and stakeholders who are employing it for the first time in autism research [22].",0.95,12,2382b6a0-dff6-4838-920f-7433eb23c728,,,,,
Autisticadults,Unknown,,,autisticadults,"This scoping review analyzes 18 papers on involving autistic adults in technology design, examining their participation in participatory design processes.  The study reveals varied approaches to integrating autistic perspectives, highlighting the use of infrastructure to enhance participation (e.g., multiple participation modes).  The findings offer insights into best practices and suggest future research opportunities, such as applying autistic expertise in areas like autism diagnosis and machine learning.",0.95,finding,qualitative,discussion,"In other cases, as we have seen in Connecting through Kinect, it may not be possible to directly include the target stakeholders.",0.95,12,b49875ce-1150-45b2-a6ff-9cbf9e433421,,,,,
Autisticadults,Unknown,,,autisticadults,"This scoping review analyzes 18 papers on involving autistic adults in technology design, examining their participation in participatory design processes.  The study reveals varied approaches to integrating autistic perspectives, highlighting the use of infrastructure to enhance participation (e.g., multiple participation modes).  The findings offer insights into best practices and suggest future research opportunities, such as applying autistic expertise in areas like autism diagnosis and machine learning.",0.95,finding,qualitative,discussion,"In these cases, there was a known importance for having some autistic representation (e.g., autistic researchers or autistic allies).",0.95,12,504a1c1a-1a4d-4805-9bff-b3c98c557bbf,,,,,
Autisticadults,Unknown,,,autisticadults,"This scoping review analyzes 18 papers on involving autistic adults in technology design, examining their participation in participatory design processes.  The study reveals varied approaches to integrating autistic perspectives, highlighting the use of infrastructure to enhance participation (e.g., multiple participation modes).  The findings offer insights into best practices and suggest future research opportunities, such as applying autistic expertise in areas like autism diagnosis and machine learning.",0.95,finding,qualitative,discussion,"There is an important consideration in understanding what knowledge those stakeholders have and what assumptions they may bring to the process based on their lived experience [30, 59].",0.95,12,4cf3e571-eb88-4dda-a0f9-a97c66804f36,,,,,
Autisticadults,Unknown,,,autisticadults,"This scoping review analyzes 18 papers on involving autistic adults in technology design, examining their participation in participatory design processes.  The study reveals varied approaches to integrating autistic perspectives, highlighting the use of infrastructure to enhance participation (e.g., multiple participation modes).  The findings offer insights into best practices and suggest future research opportunities, such as applying autistic expertise in areas like autism diagnosis and machine learning.",0.95,claim,qualitative,discussion,"We argue that more work is needed to reflect on decision-making on who participates, as well as assumptions that may influence those decisions.",0.95,12,38d4fed9-8916-49a0-b75f-4c07ee23bb1f,,,,,
Autisticadults,Unknown,,,autisticadults,"This scoping review analyzes 18 papers on involving autistic adults in technology design, examining their participation in participatory design processes.  The study reveals varied approaches to integrating autistic perspectives, highlighting the use of infrastructure to enhance participation (e.g., multiple participation modes).  The findings offer insights into best practices and suggest future research opportunities, such as applying autistic expertise in areas like autism diagnosis and machine learning.",0.95,finding,qualitative,discussion,"Building infrastructures to support participation varied between projects, such as devising customised participatory approaches (e.g. AHAT and AccessASD) or (as in most cases) providing multiple modes of participation (Reimagining Social Media, Inclusive Online Dating).",0.95,12,fed09316-424f-48f1-86e9-adc3f1a9bde5,,,,,
Autisticadults,Unknown,,,autisticadults,"This scoping review analyzes 18 papers on involving autistic adults in technology design, examining their participation in participatory design processes.  The study reveals varied approaches to integrating autistic perspectives, highlighting the use of infrastructure to enhance participation (e.g., multiple participation modes).  The findings offer insights into best practices and suggest future research opportunities, such as applying autistic expertise in areas like autism diagnosis and machine learning.",0.95,finding,qualitative,discussion,"Conencting through Kinect employed this quite creatively by encouraging movement in the design process, which was directly tailored to autistic needs.",0.95,12,11501423-96f0-4445-aad4-e0ed08cc9d85,,,,,
Autisticadults,Unknown,,,autisticadults,"This scoping review analyzes 18 papers on involving autistic adults in technology design, examining their participation in participatory design processes.  The study reveals varied approaches to integrating autistic perspectives, highlighting the use of infrastructure to enhance participation (e.g., multiple participation modes).  The findings offer insights into best practices and suggest future research opportunities, such as applying autistic expertise in areas like autism diagnosis and machine learning.",0.95,finding,qualitative,discussion,"We learn that the conflicting sensory needs of autistic people need to be considered particularly in group activities (e.g., in PIUMA and Biomusic).",0.95,12,c9c7d6dc-66dc-494b-a857-b9ac57fe9f6e,,,,,
Autisticadults,Unknown,,,autisticadults,"This scoping review analyzes 18 papers on involving autistic adults in technology design, examining their participation in participatory design processes.  The study reveals varied approaches to integrating autistic perspectives, highlighting the use of infrastructure to enhance participation (e.g., multiple participation modes).  The findings offer insights into best practices and suggest future research opportunities, such as applying autistic expertise in areas like autism diagnosis and machine learning.",0.95,finding,qualitative,discussion,"All people, but especially autistic people, report differences in how they process sensory information, such as sounds [13].",0.95,12,069cd9d3-5630-4a71-b560-d620703ec510,,,,,
Autisticadults,Unknown,,,autisticadults,"This scoping review analyzes 18 papers on involving autistic adults in technology design, examining their participation in participatory design processes.  The study reveals varied approaches to integrating autistic perspectives, highlighting the use of infrastructure to enhance participation (e.g., multiple participation modes).  The findings offer insights into best practices and suggest future research opportunities, such as applying autistic expertise in areas like autism diagnosis and machine learning.",0.95,finding,qualitative,discussion,"Some people have low thresholds, meaning they are highly sensitive to the stimulus and desire to avoid them.",0.95,12,c38a292f-b129-4a51-9e93-e2354ef41c9b,,,,,
Autisticadults,Unknown,,,autisticadults,"This scoping review analyzes 18 papers on involving autistic adults in technology design, examining their participation in participatory design processes.  The study reveals varied approaches to integrating autistic perspectives, highlighting the use of infrastructure to enhance participation (e.g., multiple participation modes).  The findings offer insights into best practices and suggest future research opportunities, such as applying autistic expertise in areas like autism diagnosis and machine learning.",0.95,finding,qualitative,discussion,Others may have a high threshold and actively seek certain sensory stimuli.,0.95,12,e4c3982e-bc07-4e9c-afca-75715e0505fa,,,,,
Autisticadults,Unknown,,,autisticadults,"This scoping review analyzes 18 papers on involving autistic adults in technology design, examining their participation in participatory design processes.  The study reveals varied approaches to integrating autistic perspectives, highlighting the use of infrastructure to enhance participation (e.g., multiple participation modes).  The findings offer insights into best practices and suggest future research opportunities, such as applying autistic expertise in areas like autism diagnosis and machine learning.",0.95,finding,qualitative,discussion,"These differences can cause tension and power imbalance, particularly in cases where it may seem that one stakeholder’s needs are prioritised over another.",0.95,12,dffa979b-1b60-433d-8473-41fa74b34dcb,,,,,
Autisticadults,Unknown,,,autisticadults,"This scoping review analyzes 18 papers on involving autistic adults in technology design, examining their participation in participatory design processes.  The study reveals varied approaches to integrating autistic perspectives, highlighting the use of infrastructure to enhance participation (e.g., multiple participation modes).  The findings offer insights into best practices and suggest future research opportunities, such as applying autistic expertise in areas like autism diagnosis and machine learning.",0.95,claim,qualitative,discussion,"It is important to consider how the nuances of how autistic stakeholders experience the world can be factored in designing activities, particularly in cases where there may be conflicts in sensory needs, such as in group activities (as referenced by Maun et al. [52]).",0.95,12,83473a32-1402-41de-8504-ecf83053ddb9,,,,,
Autisticadults,Unknown,,,autisticadults,"This scoping review analyzes 18 papers on involving autistic adults in technology design, examining their participation in participatory design processes.  The study reveals varied approaches to integrating autistic perspectives, highlighting the use of infrastructure to enhance participation (e.g., multiple participation modes).  The findings offer insights into best practices and suggest future research opportunities, such as applying autistic expertise in areas like autism diagnosis and machine learning.",0.95,finding,qualitative,discussion,"Power dynamics played a nuanced role in facilitating conversations between autistic and non-autistic stakeholders [57, 59].",0.95,12,1495e267-551f-4f56-9912-8bd4ac9b7504,,,,,
Autisticadults,Unknown,,,autisticadults,"This scoping review analyzes 18 papers on involving autistic adults in technology design, examining their participation in participatory design processes.  The study reveals varied approaches to integrating autistic perspectives, highlighting the use of infrastructure to enhance participation (e.g., multiple participation modes).  The findings offer insights into best practices and suggest future research opportunities, such as applying autistic expertise in areas like autism diagnosis and machine learning.",0.95,finding,qualitative,discussion,"Three of the projects (AccessASD, AHAT, and Reimagining Social Media) mentioned having autistic researchers on the team, who were imperative for making decisions on the project direction and making connections with other autistic stakeholders, which has been recommended as a means for empowering autistic participation [62].",0.95,12,eff1692c-0754-4621-b2d7-351a407b622a,,,,,
Autisticadults,Unknown,,,autisticadults,"This scoping review analyzes 18 papers on involving autistic adults in technology design, examining their participation in participatory design processes.  The study reveals varied approaches to integrating autistic perspectives, highlighting the use of infrastructure to enhance participation (e.g., multiple participation modes).  The findings offer insights into best practices and suggest future research opportunities, such as applying autistic expertise in areas like autism diagnosis and machine learning.",0.95,finding,qualitative,discussion,How activities were structured seemed to be important to ensure that participants had a voice.,0.95,12,4bf59ccc-bc51-43d4-91a6-8c2857217f18,,,,,
Autisticadults,Unknown,,,autisticadults,"This scoping review analyzes 18 papers on involving autistic adults in technology design, examining their participation in participatory design processes.  The study reveals varied approaches to integrating autistic perspectives, highlighting the use of infrastructure to enhance participation (e.g., multiple participation modes).  The findings offer insights into best practices and suggest future research opportunities, such as applying autistic expertise in areas like autism diagnosis and machine learning.",0.95,finding,qualitative,discussion,"Some projects approached this by ensuring that autistic stakeholders had an opportunity to share ideas individually before engaging in group activities (e.g., in AccessASD and SocialMirror), while others facilitated turn-taking (e.g., in PIUMA).",0.95,12,03799377-319e-46f0-8093-e1dfe28277c1,,,,,
Autisticadults,Unknown,,,autisticadults,"This scoping review analyzes 18 papers on involving autistic adults in technology design, examining their participation in participatory design processes.  The study reveals varied approaches to integrating autistic perspectives, highlighting the use of infrastructure to enhance participation (e.g., multiple participation modes).  The findings offer insights into best practices and suggest future research opportunities, such as applying autistic expertise in areas like autism diagnosis and machine learning.",0.95,finding,qualitative,discussion,"However, while these researchers have done great work, we also witnessed limited engagement of the autistic adult stakeholders in shaping and refining the approaches employed for participation.",0.95,12,7f077b44-96f5-4cb6-9048-c0d70f51fa06,,,,,
Autisticadults,Unknown,,,autisticadults,"This scoping review analyzes 18 papers on involving autistic adults in technology design, examining their participation in participatory design processes.  The study reveals varied approaches to integrating autistic perspectives, highlighting the use of infrastructure to enhance participation (e.g., multiple participation modes).  The findings offer insights into best practices and suggest future research opportunities, such as applying autistic expertise in areas like autism diagnosis and machine learning.",0.95,claim,theoretical,discussion,"Just as autistic adults are experts on what tools and technologies would benefit their lives, they are also experts on what methods and approaches could engage and drive them to participate.",0.95,12,5ac7b92d-5530-4ee6-8d2e-29e16f8da8da,,,,,
Autisticadults,Unknown,,,autisticadults,"This scoping review analyzes 18 papers on involving autistic adults in technology design, examining their participation in participatory design processes.  The study reveals varied approaches to integrating autistic perspectives, highlighting the use of infrastructure to enhance participation (e.g., multiple participation modes).  The findings offer insights into best practices and suggest future research opportunities, such as applying autistic expertise in areas like autism diagnosis and machine learning.",0.95,claim,theoretical,discussion,"Therefore, we believe there could be more opportunities to involve autistic people in the decision-making of methods employed through active reflection, as we will discuss in section 6.2.",0.95,12,514926e1-b428-4cd0-91c0-81e40b9fa4f9,,,,,
Autisticadults,Unknown,,,autisticadults,"This scoping review analyzes 18 papers on involving autistic adults in technology design, examining their participation in participatory design processes.  The study reveals varied approaches to integrating autistic perspectives, highlighting the use of infrastructure to enhance participation (e.g., multiple participation modes).  The findings offer insights into best practices and suggest future research opportunities, such as applying autistic expertise in areas like autism diagnosis and machine learning.",0.95,claim,theoretical,discussion,"Additionally, the projects demonstrated that balancing power is a principle that should be considered when evaluating how the project unfolds.",0.95,12,f72f9b1b-66c7-4984-8ba6-bc5a664105a1,,,,,
Autisticadults,Unknown,,,autisticadults,"This scoping review analyzes 18 papers on involving autistic adults in technology design, examining their participation in participatory design processes.  The study reveals varied approaches to integrating autistic perspectives, highlighting the use of infrastructure to enhance participation (e.g., multiple participation modes).  The findings offer insights into best practices and suggest future research opportunities, such as applying autistic expertise in areas like autism diagnosis and machine learning.",0.95,finding,qualitative,discussion,The introduction of individual activities before group activities occurred was important in AccessASD and SocialMirror.,0.95,12,0263003c-91cb-4348-894e-dfe5a108aa07,,,,,
Autisticadults,Unknown,,,autisticadults,"This scoping review analyzes 18 papers on involving autistic adults in technology design, examining their participation in participatory design processes.  The study reveals varied approaches to integrating autistic perspectives, highlighting the use of infrastructure to enhance participation (e.g., multiple participation modes).  The findings offer insights into best practices and suggest future research opportunities, such as applying autistic expertise in areas like autism diagnosis and machine learning.",0.95,claim,theoretical,discussion,"Although balancing such power is generally important in participatory projects [41, 76], the reflections on why this was facilitated seemed to stem from a consideration toward the voice of autistics in design and keeping the process autistic-centred.",0.95,12,bf746da7-ebe5-4ce3-87ef-901c515d5f00,,,,,
Autisticadults,Unknown,,,autisticadults,"This scoping review analyzes 18 papers on involving autistic adults in technology design, examining their participation in participatory design processes.  The study reveals varied approaches to integrating autistic perspectives, highlighting the use of infrastructure to enhance participation (e.g., multiple participation modes).  The findings offer insights into best practices and suggest future research opportunities, such as applying autistic expertise in areas like autism diagnosis and machine learning.",0.95,finding,qualitative,discussion,The level of participatory relationships varied between projects.,0.95,12,d5dff780-67c6-4215-93cd-86e1a789483f,,,,,
Autisticadults,Unknown,,,autisticadults,"This scoping review analyzes 18 papers on involving autistic adults in technology design, examining their participation in participatory design processes.  The study reveals varied approaches to integrating autistic perspectives, highlighting the use of infrastructure to enhance participation (e.g., multiple participation modes).  The findings offer insights into best practices and suggest future research opportunities, such as applying autistic expertise in areas like autism diagnosis and machine learning.",0.95,finding,qualitative,discussion,"However, few initiated from long-lasting relationships, with most focusing on a shorter period of time.",0.95,12,95f03c5d-83a2-4f64-897d-f57aa98ac605,,,,,
Autisticadults,Unknown,,,autisticadults,"This scoping review analyzes 18 papers on involving autistic adults in technology design, examining their participation in participatory design processes.  The study reveals varied approaches to integrating autistic perspectives, highlighting the use of infrastructure to enhance participation (e.g., multiple participation modes).  The findings offer insights into best practices and suggest future research opportunities, such as applying autistic expertise in areas like autism diagnosis and machine learning.",0.95,finding,qualitative,discussion,"This is not surprising, given the limited resources available to support neurodiversity-affirmative research in autism [66].",0.95,12,ba4b4b59-7d18-4d1d-ab4d-4564fc16f67b,,,,,
Autisticadults,Unknown,,,autisticadults,"This scoping review analyzes 18 papers on involving autistic adults in technology design, examining their participation in participatory design processes.  The study reveals varied approaches to integrating autistic perspectives, highlighting the use of infrastructure to enhance participation (e.g., multiple participation modes).  The findings offer insights into best practices and suggest future research opportunities, such as applying autistic expertise in areas like autism diagnosis and machine learning.",0.95,claim,theoretical,discussion,"Creating lasting impact is a key issue facing much of HCI research that engages communities (see e.g. [23, 42]).",0.95,12,a2b29f92-e3a5-4b54-acfa-33d9efbfabb0,,,,,
Autisticadults,Unknown,,,autisticadults,"This scoping review analyzes 18 papers on involving autistic adults in technology design, examining their participation in participatory design processes.  The study reveals varied approaches to integrating autistic perspectives, highlighting the use of infrastructure to enhance participation (e.g., multiple participation modes).  The findings offer insights into best practices and suggest future research opportunities, such as applying autistic expertise in areas like autism diagnosis and machine learning.",0.95,claim,theoretical,discussion,"As researchers, we should connect with autistic-led organisations if the mechanism is to respect the autistic experience [31].",0.95,12,f59e139e-a05b-4d71-96c2-41e657c05bfa,[31],,,,
Autisticadults,Unknown,,,autisticadults,"This scoping review analyzes 18 papers on involving autistic adults in technology design, examining their participation in participatory design processes.  The study reveals varied approaches to integrating autistic perspectives, highlighting the use of infrastructure to enhance participation (e.g., multiple participation modes).  The findings offer insights into best practices and suggest future research opportunities, such as applying autistic expertise in areas like autism diagnosis and machine learning.",0.95,claim,theoretical,discussion,"Embedding this research into the community enables “infrastructuring” [47], strengthening existing positive efforts by embedding them into the fabric of what is already there, strengthening impact, and increasing the possibility of long-term engagements.",0.95,12,20d736f7-dd04-496a-8666-115b462c45c2,[47],,,,
Autisticadults,Unknown,,,autisticadults,"This scoping review analyzes 18 papers on involving autistic adults in technology design, examining their participation in participatory design processes.  The study reveals varied approaches to integrating autistic perspectives, highlighting the use of infrastructure to enhance participation (e.g., multiple participation modes).  The findings offer insights into best practices and suggest future research opportunities, such as applying autistic expertise in areas like autism diagnosis and machine learning.",0.95,claim,theoretical,discussion,"In saying that, we argue the need to make visible the immediate gains that autistic people can harness through participation (which is important in community-based participatory design [48]).",0.95,12,626ca1b6-125d-43f9-acb6-9ad7198d52f4,[48],,,,
Autisticadults,Unknown,,,autisticadults,"This scoping review analyzes 18 papers on involving autistic adults in technology design, examining their participation in participatory design processes.  The study reveals varied approaches to integrating autistic perspectives, highlighting the use of infrastructure to enhance participation (e.g., multiple participation modes).  The findings offer insights into best practices and suggest future research opportunities, such as applying autistic expertise in areas like autism diagnosis and machine learning.",0.95,claim,theoretical,discussion,"Doing so will also need to consider the plurality of goals between autistic stakeholders and organisational objectives, and how they align with the communities where participation is sought [48].",0.95,12,9f44cb04-0c74-493f-8c48-ec5cc06c5e3b,[48],,,,
Autisticadults,Unknown,,,autisticadults,"This scoping review analyzes 18 papers on involving autistic adults in technology design, examining their participation in participatory design processes.  The study reveals varied approaches to integrating autistic perspectives, highlighting the use of infrastructure to enhance participation (e.g., multiple participation modes).  The findings offer insights into best practices and suggest future research opportunities, such as applying autistic expertise in areas like autism diagnosis and machine learning.",0.95,claim,theoretical,discussion,It is important to acknowledge that resources and funding may impact who is involved and how participation is facilitated.,0.95,12,73797e71-7488-4681-ac41-9a3350e66a61,,,,,
Autisticadults,Unknown,,,autisticadults,"This scoping review analyzes 18 papers on involving autistic adults in technology design, examining their participation in participatory design processes.  The study reveals varied approaches to integrating autistic perspectives, highlighting the use of infrastructure to enhance participation (e.g., multiple participation modes).  The findings offer insights into best practices and suggest future research opportunities, such as applying autistic expertise in areas like autism diagnosis and machine learning.",0.95,claim,theoretical,discussion,"As an example including autistic individuals, most Large Language Models may be trained to support the non-autistic rather than the autistic experience (e.g., Begel et al. [9]).",0.95,12,e04ef352-02a3-49bc-83d5-3a4d77c1ae47,[9],,,,
Autisticadults,Unknown,,,autisticadults,"This scoping review analyzes 18 papers on involving autistic adults in technology design, examining their participation in participatory design processes.  The study reveals varied approaches to integrating autistic perspectives, highlighting the use of infrastructure to enhance participation (e.g., multiple participation modes).  The findings offer insights into best practices and suggest future research opportunities, such as applying autistic expertise in areas like autism diagnosis and machine learning.",0.95,claim,qualitative,discussion,"In our keyword analysis, there appeared to be a strong correlation between papers containing keywords Autism Diagnosis, and Machine Learning/Artificial Intelligence - yet we found no participatory research concerning this topic in our corpus.",0.9,12,6f04bb10-a09e-4e2a-b11d-bb2d77752f13,,,,,
Autisticadults,Unknown,,,autisticadults,"This scoping review analyzes 18 papers on involving autistic adults in technology design, examining their participation in participatory design processes.  The study reveals varied approaches to integrating autistic perspectives, highlighting the use of infrastructure to enhance participation (e.g., multiple participation modes).  The findings offer insights into best practices and suggest future research opportunities, such as applying autistic expertise in areas like autism diagnosis and machine learning.",0.95,claim,theoretical,discussion,"We suggest that more participatory design projects could include autistic people in conversations about the role AI (e.g. Large Language Models employed in chatbots/agents, or deep learning techniques employed for autism diagnosis) could play in their lives.",0.95,12,1f73d5e7-7c8f-4361-865d-eb0fa28281d3,,,,,
Autisticadults,Unknown,,,autisticadults,"This scoping review analyzes 18 papers on involving autistic adults in technology design, examining their participation in participatory design processes.  The study reveals varied approaches to integrating autistic perspectives, highlighting the use of infrastructure to enhance participation (e.g., multiple participation modes).  The findings offer insights into best practices and suggest future research opportunities, such as applying autistic expertise in areas like autism diagnosis and machine learning.",0.95,claim,theoretical,discussion,"Additionally, we suggest conducting participatory research with autistic people to explore what the diagnostic process could look like and how technology could support that process.",0.95,12,850cecc0-40f2-4278-bb96-a6d170f7f36f,,,,,
Autisticadults,Unknown,,,autisticadults,"This scoping review analyzes 18 papers on involving autistic adults in technology design, examining their participation in participatory design processes.  The study reveals varied approaches to integrating autistic perspectives, highlighting the use of infrastructure to enhance participation (e.g., multiple participation modes).  The findings offer insights into best practices and suggest future research opportunities, such as applying autistic expertise in areas like autism diagnosis and machine learning.",0.95,claim,theoretical,discussion,"With the growing recognition of self-diagnosis in neurodiversity-affirmative research (e.g., as indicated by Sarrett[73]), we recommend involving those who self-identify as autistic and how their needs could be facilitated in the diagnosis process, if at all.",0.95,12,21c57742-a0f9-4f50-a582-024cfbdff4ec,[73],,,,
Autisticadults,Unknown,,,autisticadults,"This scoping review analyzes 18 papers on involving autistic adults in technology design, examining their participation in participatory design processes.  The study reveals varied approaches to integrating autistic perspectives, highlighting the use of infrastructure to enhance participation (e.g., multiple participation modes).  The findings offer insights into best practices and suggest future research opportunities, such as applying autistic expertise in areas like autism diagnosis and machine learning.",0.95,claim,theoretical,discussion,"We agree with Fletcher-Watson et al. [30] that participation in hard science topics (e.g. AI, Brain Scanning applications) could result in knowledge exchange that empowers autistic people with the skills to critique the role they play in their lives.",0.95,12,c0316a64-6c37-4ad7-a496-3eb2325c7f21,[30],,,,
Autisticadults,Unknown,,,autisticadults,"This scoping review analyzes 18 papers on involving autistic adults in technology design, examining their participation in participatory design processes.  The study reveals varied approaches to integrating autistic perspectives, highlighting the use of infrastructure to enhance participation (e.g., multiple participation modes).  The findings offer insights into best practices and suggest future research opportunities, such as applying autistic expertise in areas like autism diagnosis and machine learning.",0.95,claim,theoretical,discussion,"From a neurodiversity-affirmative standpoint, it is essential to recognise that not all may have a formal diagnosis or choose to disclose it.",0.95,12,8b1b40d3-3d72-4514-a7f4-31e7476c0b8e,,,,,
Autisticadults,Unknown,,,autisticadults,"This scoping review analyzes 18 papers on involving autistic adults in technology design, examining their participation in participatory design processes.  The study reveals varied approaches to integrating autistic perspectives, highlighting the use of infrastructure to enhance participation (e.g., multiple participation modes).  The findings offer insights into best practices and suggest future research opportunities, such as applying autistic expertise in areas like autism diagnosis and machine learning.",0.95,claim,theoretical,discussion,"This awareness is crucial to understanding autistic participation, as communication needs must be addressed.",0.95,12,6cf4e41b-91b4-4524-b495-90cb4e2b1404,,,,,
Autisticadults,Unknown,,,autisticadults,"This scoping review analyzes 18 papers on involving autistic adults in technology design, examining their participation in participatory design processes.  The study reveals varied approaches to integrating autistic perspectives, highlighting the use of infrastructure to enhance participation (e.g., multiple participation modes).  The findings offer insights into best practices and suggest future research opportunities, such as applying autistic expertise in areas like autism diagnosis and machine learning.",0.95,claim,theoretical,discussion,"However, when possible, it is important to open up conversations for including others who may self-identify as autistic, and to foster understanding where disclosure of an autism diagnosis may not be desired (as seen in [86]).",0.95,12,f318371c-dcd6-4342-b0fe-1e86ebb0de00,[86],,,,
Autisticadults,Unknown,,,autisticadults,"This scoping review analyzes 18 papers on involving autistic adults in technology design, examining their participation in participatory design processes.  The study reveals varied approaches to integrating autistic perspectives, highlighting the use of infrastructure to enhance participation (e.g., multiple participation modes).  The findings offer insights into best practices and suggest future research opportunities, such as applying autistic expertise in areas like autism diagnosis and machine learning.",0.95,claim,theoretical,discussion,"However, it is important to consider that including autistic adults who may not desire to disclose their diagnosis may not be feasible in short-term projects where such relationships have not already been established.",0.95,12,7bb96529-8612-4f75-af11-69dd7f15a613,,,,,
Autisticadults,Unknown,,,autisticadults,"This scoping review analyzes 18 papers on involving autistic adults in technology design, examining their participation in participatory design processes.  The study reveals varied approaches to integrating autistic perspectives, highlighting the use of infrastructure to enhance participation (e.g., multiple participation modes).  The findings offer insights into best practices and suggest future research opportunities, such as applying autistic expertise in areas like autism diagnosis and machine learning.",0.95,claim,theoretical,discussion,We would like to reinforce that autistic people have multiple lived expertise [59] that can be critical to planning and fostering engagement in participatory activities.,0.95,12,200c5e60-5797-42df-9ebb-c9fb58bb72f9,[59],,,,
Autisticadults,Unknown,,,autisticadults,"This scoping review analyzes 18 papers on involving autistic adults in technology design, examining their participation in participatory design processes.  The study reveals varied approaches to integrating autistic perspectives, highlighting the use of infrastructure to enhance participation (e.g., multiple participation modes).  The findings offer insights into best practices and suggest future research opportunities, such as applying autistic expertise in areas like autism diagnosis and machine learning.",0.95,claim,qualitative,discussion,"The research to date suggests that autistic involvement is growing on the research side, and we argue that we could consider their roles as designers, programmers, or other specialists.",0.9,12,12ccd783-afb9-41aa-819e-118715c0ab2e,,,,,
Autisticadults,Unknown,,,autisticadults,"This scoping review analyzes 18 papers on involving autistic adults in technology design, examining their participation in participatory design processes.  The study reveals varied approaches to integrating autistic perspectives, highlighting the use of infrastructure to enhance participation (e.g., multiple participation modes).  The findings offer insights into best practices and suggest future research opportunities, such as applying autistic expertise in areas like autism diagnosis and machine learning.",0.95,claim,theoretical,discussion,"In future projects, there are certainly more possibilities to consider the multiple lived expertise in participatory design and research as recommended by Nicoladis et al. [59].",0.95,12,5f6c2543-d882-4134-9b25-8e26e30fe765,[59],,,,
Autisticadults,Unknown,,,autisticadults,"This scoping review analyzes 18 papers on involving autistic adults in technology design, examining their participation in participatory design processes.  The study reveals varied approaches to integrating autistic perspectives, highlighting the use of infrastructure to enhance participation (e.g., multiple participation modes).  The findings offer insights into best practices and suggest future research opportunities, such as applying autistic expertise in areas like autism diagnosis and machine learning.",0.95,claim,theoretical,discussion,"An example of this could be learning the interests of stakeholders in drawing, storytelling, coding, and music composition (or as game design students as the case in Connecting through Kinect) and employing these as techniques for knowledge sharing in participatory design activities.",0.95,12,ca95aca6-0300-4eea-abc1-3257939c5661,,,,,
Autisticadults,Unknown,,,autisticadults,"This scoping review analyzes 18 papers on involving autistic adults in technology design, examining their participation in participatory design processes.  The study reveals varied approaches to integrating autistic perspectives, highlighting the use of infrastructure to enhance participation (e.g., multiple participation modes).  The findings offer insights into best practices and suggest future research opportunities, such as applying autistic expertise in areas like autism diagnosis and machine learning.",0.95,claim,theoretical,discussion,"We understand that this may require researchers to challenge their assumptions on how participatory design could be employed in this context, particularly if their experience is mostly focused on projects where traditional participatory design is concerned (see, e.g. Bannon et al. [6]).",0.95,12,f86e87c2-8354-4f5d-bbc8-7387e03c1c79,[6],,,,
Autisticadults,Unknown,,,autisticadults,"This scoping review analyzes 18 papers on involving autistic adults in technology design, examining their participation in participatory design processes.  The study reveals varied approaches to integrating autistic perspectives, highlighting the use of infrastructure to enhance participation (e.g., multiple participation modes).  The findings offer insights into best practices and suggest future research opportunities, such as applying autistic expertise in areas like autism diagnosis and machine learning.",0.95,claim,theoretical,discussion,"However, we argue that broadening the scope of participation, and reimagining how activities are not only tailored to meet their needs but also strengths, can be beneficial.",0.95,12,bbb51475-8dbd-45d4-a4a9-c94cfc6ddc77,,,,,
Autisticadults,Unknown,,,autisticadults,"This scoping review analyzes 18 papers on involving autistic adults in technology design, examining their participation in participatory design processes.  The study reveals varied approaches to integrating autistic perspectives, highlighting the use of infrastructure to enhance participation (e.g., multiple participation modes).  The findings offer insights into best practices and suggest future research opportunities, such as applying autistic expertise in areas like autism diagnosis and machine learning.",0.95,claim,theoretical,discussion,"It is often cited that autistic people should have the opportunity to participate in the research process [18, 22, 30, 63, 66].",0.95,12,0435a06b-b904-4b96-b461-b48842125d8e,"[18, 22, 30, 63, 66]",,,,
Autisticadults,Unknown,,,autisticadults,"This scoping review analyzes 18 papers on involving autistic adults in technology design, examining their participation in participatory design processes.  The study reveals varied approaches to integrating autistic perspectives, highlighting the use of infrastructure to enhance participation (e.g., multiple participation modes).  The findings offer insights into best practices and suggest future research opportunities, such as applying autistic expertise in areas like autism diagnosis and machine learning.",0.95,claim,theoretical,discussion,"Perhaps due to funding barriers or the project scope, there could be challenges in supporting and negotiating participation.",0.95,12,39d85569-527a-49b2-bd92-c3a0230ce4ec,,,,,
Autisticadults,Unknown,,,autisticadults,"This scoping review analyzes 18 papers on involving autistic adults in technology design, examining their participation in participatory design processes.  The study reveals varied approaches to integrating autistic perspectives, highlighting the use of infrastructure to enhance participation (e.g., multiple participation modes).  The findings offer insights into best practices and suggest future research opportunities, such as applying autistic expertise in areas like autism diagnosis and machine learning.",0.95,claim,theoretical,discussion,"Tensions can arise, for example, when project timelines are limited, and relationships do not have the resources to develop.",0.95,12,260c1e21-6631-4d51-a2cc-d66387748a25,,,,,
Autisticadults,Unknown,,,autisticadults,"This scoping review analyzes 18 papers on involving autistic adults in technology design, examining their participation in participatory design processes.  The study reveals varied approaches to integrating autistic perspectives, highlighting the use of infrastructure to enhance participation (e.g., multiple participation modes).  The findings offer insights into best practices and suggest future research opportunities, such as applying autistic expertise in areas like autism diagnosis and machine learning.",0.95,claim,theoretical,discussion,"Nonetheless, it is still important to facilitate conversations surrounding expectations of involvement and provide opportunities for autistic people to negotiate the level of participation that works for them in the project (considering their multiple expertise and identities).",0.95,12,6a161ece-7c0c-4692-8716-cf398b07e30e,,,,,
Autisticadults,Unknown,,,autisticadults,"This scoping review analyzes 18 papers on involving autistic adults in technology design, examining their participation in participatory design processes.  The study reveals varied approaches to integrating autistic perspectives, highlighting the use of infrastructure to enhance participation (e.g., multiple participation modes).  The findings offer insights into best practices and suggest future research opportunities, such as applying autistic expertise in areas like autism diagnosis and machine learning.",0.95,claim,theoretical,discussion,"Where project timelines are restricted, one means is to consider how relationships can be sustained following the project, particularly in cases where establishing the relationship was successful.",0.95,12,9362ddf0-8e3d-45b1-b818-5562e6d97694,,,,,
Autisticadults,Unknown,,,autisticadults,"This scoping review analyzes 18 papers on involving autistic adults in technology design, examining their participation in participatory design processes.  The study reveals varied approaches to integrating autistic perspectives, highlighting the use of infrastructure to enhance participation (e.g., multiple participation modes).  The findings offer insights into best practices and suggest future research opportunities, such as applying autistic expertise in areas like autism diagnosis and machine learning.",0.95,claim,theoretical,discussion,Smaller projects in shorter timelines can provide a test bed for larger projects to develop.,0.95,12,95552972-2845-41c3-8f90-8bdde12b71b2,,,,,
Autisticadults,Unknown,,,autisticadults,"This scoping review analyzes 18 papers on involving autistic adults in technology design, examining their participation in participatory design processes.  The study reveals varied approaches to integrating autistic perspectives, highlighting the use of infrastructure to enhance participation (e.g., multiple participation modes).  The findings offer insights into best practices and suggest future research opportunities, such as applying autistic expertise in areas like autism diagnosis and machine learning.",0.95,claim,theoretical,discussion,"As researchers in participatory design, one consideration is how our assumptions shape the research process not only in terms of the research direction (e.g. what topic/technology is of focus) but also how we get there (i.e. what tools and techniques are employed throughout the process to foster participation).",0.95,12,1f70fa50-2d5e-45c6-adfe-7fb7f6343a2c,,,,,
Autisticadults,Unknown,,,autisticadults,"This scoping review analyzes 18 papers on involving autistic adults in technology design, examining their participation in participatory design processes.  The study reveals varied approaches to integrating autistic perspectives, highlighting the use of infrastructure to enhance participation (e.g., multiple participation modes).  The findings offer insights into best practices and suggest future research opportunities, such as applying autistic expertise in areas like autism diagnosis and machine learning.",0.95,claim,theoretical,discussion,"Moreover, we argue that involving autistics in some way falls in line with the considerations of community-based participatory research (see, e.g. [48]) in that more work is needed to document, reflect and challenge assump-tions on decisions made on the design process before the work takes place.",0.9,12,8881f559-9b3b-4d6b-bb3d-bbd5694f5969,community-based participatory research,,,,
Autisticadults,Unknown,,,autisticadults,"This scoping review analyzes 18 papers on involving autistic adults in technology design, examining their participation in participatory design processes.  The study reveals varied approaches to integrating autistic perspectives, highlighting the use of infrastructure to enhance participation (e.g., multiple participation modes).  The findings offer insights into best practices and suggest future research opportunities, such as applying autistic expertise in areas like autism diagnosis and machine learning.",0.95,claim,theoretical,discussion,"Reflective processes can make visible research and design assumptions and create a deeper understanding of practice from the stakeholders’ perspective (which, like other community-based participatory research projects, may involve a plurality of practices [48]).",0.85,12,f8fdcd2e-10ca-429a-8178-c6097f34cc16,,,,,
Autisticadults,Unknown,,,autisticadults,"This scoping review analyzes 18 papers on involving autistic adults in technology design, examining their participation in participatory design processes.  The study reveals varied approaches to integrating autistic perspectives, highlighting the use of infrastructure to enhance participation (e.g., multiple participation modes).  The findings offer insights into best practices and suggest future research opportunities, such as applying autistic expertise in areas like autism diagnosis and machine learning.",0.95,claim,theoretical,discussion,"In the case of autism research, we extend the argument to challenge assumptions on what tools and techniques are employed to facilitate participation.",0.9,12,1a7f58a9-537d-475c-9a9e-a070f4683e2e,,,,,
Autisticadults,Unknown,,,autisticadults,"This scoping review analyzes 18 papers on involving autistic adults in technology design, examining their participation in participatory design processes.  The study reveals varied approaches to integrating autistic perspectives, highlighting the use of infrastructure to enhance participation (e.g., multiple participation modes).  The findings offer insights into best practices and suggest future research opportunities, such as applying autistic expertise in areas like autism diagnosis and machine learning.",0.95,claim,theoretical,discussion,"We encourage researchers to consider reflection activities in collaboration with autistics on the methods employed to foster participation (whether interviews, focus groups, or workshops), and whether those approaches are suitable for com-munication between all stakeholders involved and harness their strengths.",0.9,12,2ba54952-b542-4d28-8459-ed17e62b92aa,,,,,
Autisticadults,Unknown,,,autisticadults,"This scoping review analyzes 18 papers on involving autistic adults in technology design, examining their participation in participatory design processes.  The study reveals varied approaches to integrating autistic perspectives, highlighting the use of infrastructure to enhance participation (e.g., multiple participation modes).  The findings offer insights into best practices and suggest future research opportunities, such as applying autistic expertise in areas like autism diagnosis and machine learning.",0.95,finding,qualitative,discussion,"Our analysis suggests that there is not a “one size fits all” solution, but rather an approach that is revisited and refined for future work following reflections between autistic and non-autistic stakeholders.",0.85,12,42298340-1cc5-4fa5-9a36-169972802a27,,,,,
Autisticadults,Unknown,,,autisticadults,"This scoping review analyzes 18 papers on involving autistic adults in technology design, examining their participation in participatory design processes.  The study reveals varied approaches to integrating autistic perspectives, highlighting the use of infrastructure to enhance participation (e.g., multiple participation modes).  The findings offer insights into best practices and suggest future research opportunities, such as applying autistic expertise in areas like autism diagnosis and machine learning.",0.95,finding,qualitative,conclusion,"In conclusion, the projects examined showed diverse ways of involving autistic adults in design, from tailored methodologies to providing multiple modes to participate in specific design activities.",0.95,14,ad2f1bbc-c70c-4a61-aae1-916f41c0e0ce,,,,,"7 Conclusion 
In conclusion, the projects examined showed diverse ways of in­
volving autistic adults in design, from tailored methodologies to 
providing multiple modes to participate in specific design activi­
ties. Through the lens of Program Theory, we shed light on how 
participatory design activities unfolded and the opportunities for 
further involvement."
Autisticadults,Unknown,,,autisticadults,"This scoping review analyzes 18 papers on involving autistic adults in technology design, examining their participation in participatory design processes.  The study reveals varied approaches to integrating autistic perspectives, highlighting the use of infrastructure to enhance participation (e.g., multiple participation modes).  The findings offer insights into best practices and suggest future research opportunities, such as applying autistic expertise in areas like autism diagnosis and machine learning.",0.95,finding,qualitative,conclusion,"Through the lens of Program Theory, we shed light on how participatory design activities unfolded and the opportunities for further involvement.",0.9,14,4b8f6696-b902-431f-84ce-7fd060554599,,,,,"In conclusion, the projects examined showed diverse ways of in­
volving autistic adults in design, from tailored methodologies to 
providing multiple modes to participate in specific design activi­
ties. Through the lens of Program Theory, we shed light on how 
participatory design activities unfolded and the opportunities for 
further involvement. We believe this was a valuable means for un­
derstanding how participation was mapped throughout the process 
of all projects: it drew attention to who was involved, how activ­
ities were structured to foster participation, and the long-lasting 
effects of the process."
Autisticadults,Unknown,,,autisticadults,"This scoping review analyzes 18 papers on involving autistic adults in technology design, examining their participation in participatory design processes.  The study reveals varied approaches to integrating autistic perspectives, highlighting the use of infrastructure to enhance participation (e.g., multiple participation modes).  The findings offer insights into best practices and suggest future research opportunities, such as applying autistic expertise in areas like autism diagnosis and machine learning.",0.95,finding,qualitative,conclusion,It also revealed discussions that require attention (e.g. decision-making in participation).,0.9,14,573b1d73-7c8d-4163-ae26-d3dc53f5a44d,,,,,"We believe this was a valuable means for un­
derstanding how participation was mapped throughout the process 
of all projects: it drew attention to who was involved, how activ­
ities were structured to foster participation, and the long-lasting 
effects of the process. It also revealed discussions that require atten­
tion (e.g. decision-making in participation). We acknowledge that 
Program Theory does not support a critical engagement in design 
choices."
Autisticadults,Unknown,,,autisticadults,"This scoping review analyzes 18 papers on involving autistic adults in technology design, examining their participation in participatory design processes.  The study reveals varied approaches to integrating autistic perspectives, highlighting the use of infrastructure to enhance participation (e.g., multiple participation modes).  The findings offer insights into best practices and suggest future research opportunities, such as applying autistic expertise in areas like autism diagnosis and machine learning.",0.95,claim,theoretical,conclusion,"our proposed opportunities for design can help researchers consider how their project inputs, mechanisms, and effects fall in line with the autistic stakeholders’ strengths, values, and desired outcomes/impacts - meaning that they are leading to more autistic-centred approaches.",0.85,14,0b333d47-7a0e-445d-b75c-de62df8eac40,,,,,"However, our proposed opportunities for design can help 
researchers consider how their project inputs, mechanisms, and 
effects fall in line with the autistic stakeholders’ strengths, values, 
and desired outcomes/impacts - meaning that they are leading to 
more autistic-centred approaches."
